Metric,Category,Count,Percentage,Notes
Total Files Removed,Documentation,30,100%,All old/redundant documentation
Files Removed from Root,Documentation,8,26.7%,Old reports and guides
Files Removed from Backend,Documentation,14,46.7%,Old testing and setup guides
Files Removed from Frontend,Documentation,8,26.7%,Old integration and testing docs
Total Files Added,Documentation,2,N/A,README.md and DEVELOPMENT.md
Total Files Added,Code,2,N/A,netwatchService.ts and netwatchController.ts
Total Files Added,Scripts,4,N/A,Deployment and utility scripts
Total Files Added,Configuration,4,N/A,Environment config files
Total Files Modified,Code,3,N/A,index.ts api.ts DeviceSetupTable.tsx
Total Files Modified,Documentation,1,N/A,netwatch.new/api/README.md
Total Files Kept,Component Docs IoT,7,N/A,ESP32 hardware documentation
Total Files Kept,Component Docs NetWatch,8,N/A,Network scanner documentation
Total Files Kept,Main Documentation,1,N/A,MASTER_AI_PROMPT.md
Total Files Kept,Component READMEs,4,N/A,Backend Frontend IoT NetWatch
Lines of Code Removed,Documentation,13672,N/A,Redundant documentation
Lines of Code Added,Documentation,1138,N/A,Consolidated comprehensive docs
Lines of Code Added,Backend Services,350,N/A,NetWatch integration code
Lines of Code Added,Frontend Components,150,N/A,Pairing API integration
Lines of Code Added,Scripts,800,N/A,Deployment automation
Net Lines Changed,All,-11234,N/A,Massive cleanup and consolidation
Commits on Working Branch,Integration,5,N/A,All changes tracked
Branches Total,Repository,6,N/A,main claude backend frontend iot netwatch
Branches Need Cleanup,Repository,3,50%,main backend frontend
Branches Clean,Repository,3,50%,claude iot netwatch
Branches To Keep,Final Structure,3,50%,main iot netwatch
Branches To Delete,Optional,3,50%,backend frontend claude
Total Documentation Files Before,All Branches,~60,N/A,Estimated across all branches
Total Documentation Files After,All Branches,~25,N/A,After cleanup estimated
Documentation Reduction,Efficiency,58%,N/A,Major consolidation achieved
Integration Phase 1,NetWatch Backend,100%,Complete,Service and controller created
Integration Phase 2,IoT Dongle Backend,100%,Complete,MQTT Redis PostgreSQL flow
Integration Phase 3,Frontend Integration,100%,Complete,Real API pairing implemented
Integration Phase 4,Jetson Deployment,100%,Complete,Automated scripts systemd services
Overall Project Status,Production Ready,100%,Complete,All core features deployed
